heure;titre;lieu;adresse;sources;liens;confirme_reel (o/n)
;Festival des bibliothèques;;Bibliothèque et médiathèques 33360 Latresne;datatourisme;https://www.calameo.com/read/00828874491b297d91353?utm_id=97758_v0_s00_e0_tv2_a1demo0ecrno8t&fbclid=IwY2xjawUYztFwZG9mAWV4dG4DYWVtAjEwAGJyaWQRMFVGdVg5OHp5ZmdzUHBJSTdzcnRjBmFwcF9pZBAyMjIwMzkxNzg4MjAwOD;
21:00;Mustapha El Atrassi - Renaissance;Arkéa Arena;48-50, avenue Jean Alfonsea 33270 FLOIRAC;fnac;https://www.awin1.com/pclick.php?p=45859820371&a=3071471&m=12494;
17:00;La Marelle Rouge Comedy Club;Atelier B;29 rue de la Rousselle 33300 Bordeaux;billetreduc;https://www.awin1.com/pclick.php?p=45765571046&a=3071471&m=20796;
19:00;La Marelle Rouge Comedy Club;Atelier B;29 rue de la Rousselle 33300 Bordeaux;billetreduc;https://www.awin1.com/pclick.php?p=45765571046&a=3071471&m=20796;
21:00;La Marelle Rouge Comedy Club;Atelier B;29 rue de la Rousselle 33300 Bordeaux;billetreduc;https://www.awin1.com/pclick.php?p=45765571046&a=3071471&m=20796;
10:30;BB contes : les racontines d'Anais;Bibliothèque Capucins/Saint-Michel;10-12 place des Capucins, 33800 Bordeaux;openagenda;https://openagenda.com/fr/ville-de-bordeaux/events/bb-contes-les-racontines-danais;
15:30;Festival Menthalo;Bien Public 68 quai Deschamps;Bien Public 68 quai Deschamps;openagenda;https://openagenda.com/fr/ville-de-bordeaux/events/festival-menthalo;
09:00;Festival ALIMENTERRE;Blanquefort;33290 Blanquefort;openagenda;https://openagenda.com/fr/bordeaux-metropole/events/festival-alimenterre-4497569;
00:00;Feel Good Campus;Campus universitaires;22 Avenue Pey Berland 33600 Pessac;openagenda;https://openagenda.com/fr/ville-de-bordeaux/events/feel-good-campus-5728154;
20:30;Avishai Cohen;Casino Théâtre Barrière;Rue Cardinal Richaud 33300 Bordeaux;billetreduc, fnac, openagenda, ticketmaster;https://openagenda.com/fr/bordeaux-metropole/events/avishai-cohen-8464337 | https://www.awin1.com/pclick.php?p=45365882695&a=3071471&m=20796 | https://www.awin1.com/pclick.php?p=45859817927&a=3071471&m=12494 | https://www.ticketmaster.fr/fr/manifestation/avishai-cohen-billet/idmanif/668937/idtier/18864121;
19:30;Spectacle d’improvisation « Senflix »;Improvidence;19 rue des augustins 33000;billetreduc, openagenda;https://openagenda.com/fr/un-air-de-bordeaux/events/senflix-5354410 | https://www.awin1.com/pclick.php?p=41731497366&a=3071471&m=20796;
16:30;30 impros chrono;Improvidence Bordeaux;19, rue des Augustins 33000 Bordeaux;billetreduc;https://www.awin1.com/pclick.php?p=46012374394&a=3071471&m=20796;
18:00;Frichti;Improvidence Bordeaux;19, rue des Augustins 33000 Bordeaux;billetreduc;https://www.awin1.com/pclick.php?p=45776557848&a=3071471&m=20796;
21:00;Fred.;Improvidence Bordeaux;19, rue des Augustins 33000 Bordeaux;billetreduc;https://www.awin1.com/pclick.php?p=46100931277&a=3071471&m=20796;
20:30;Marina P & The Radiators;KRAKATOA;3 Avenue Victor Hugo, Mérignac;openagenda, ticketmaster;https://openagenda.com/fr/carte-jeune-bordeaux-metropole/events/marina-p-and-the-radiators | https://www.ticketmaster.fr/fr/manifestation/marina-p-the-radiators-billet/idmanif/671270/idseance/4403077;
19:00;Ciné-concert sur le film GO WEST (Ma vache et moi) de Buster Keaton;L'Impromptu;8 cours de la Marne - Bordeaux;billetreduc, openagenda;https://openagenda.com/fr/ville-de-bordeaux/events/cine-concert-sur-le-film-go-west-ma-vache-et-moi-de-buster-keaton | https://www.awin1.com/pclick.php?p=45836597719&a=3071471&m=20796;
20:30;Récital dé-Piano-té ! (spectacle pianistique + théâtre, vidéo et danse);L'Impromptu;8 cours de la Marne - Bordeaux;billetreduc, openagenda;https://openagenda.com/fr/ville-de-bordeaux/events/recital-de-piano-te-spectacle-pianistique-theatre-video-et-danse-4180086 | https://www.awin1.com/pclick.php?p=45824454318&a=3071471&m=20796;
20:00;L'Envolée;La Cité Bleue;176 rue Achard 33300 Bordeaux;billetreduc;https://www.awin1.com/pclick.php?p=45944061405&a=3071471&m=20796;
20:30;Marilyn - Théâtre des Beaux Arts, Bordeaux;La Matière Théâtre;2, rue des Beaux Arts 33000 BORDEAUX;billetreduc, fnac, openagenda, ticketmaster;https://openagenda.com/fr/ville-de-bordeaux/events/marilyn-6406623 | https://www.awin1.com/pclick.php?p=45343826571&a=3071471&m=20796 | https://www.awin1.com/pclick.php?p=45859815121&a=3071471&m=12494 | https://www.ticketmaster.fr/fr/manifestation/marilyn-billet/idmanif/670295/idseance/4399175;
20:30;"Spectacle ""Bataille Navale""";Le Petit Théâtre;8 rue du faubourg des arts;billetreduc, openagenda;https://openagenda.com/fr/un-air-de-bordeaux/events/bataille-navale | https://www.awin1.com/pclick.php?p=45565439888&a=3071471&m=20796;
20:00;Le Bourgeois Gentilhomme (Avec Jean-Paul Rouve) - Tournée;Le Pin Galant;34, avenue de Lattre de Tassigny 33700 MÉRIGNAC;fnac, openagenda, ticketmaster;https://openagenda.com/fr/ville-de-bordeaux/events/le-bourgeois-gentilhomme-jean-paul-rouve | https://www.awin1.com/pclick.php?p=45989781745&a=3071471&m=12494 | https://www.ticketmaster.fr/fr/manifestation/le-bourgeois-gentilhomme-billet/idmanif/663120/idtier/18864121;
20:30;So La Lune;Le Rocher de Palmer;1, rue Aristide Briand 33150 CENON;fnac, ticketmaster;https://www.awin1.com/pclick.php?p=44132666424&a=3071471&m=12494 | https://www.ticketmaster.fr/fr/manifestation/so-la-lune-billet/idmanif/649586/idtier/18864121;
15:00;Ados sur Tiktok, Parents qui Déblok - Théâtre des Chartrons, Bordeaux;LE THEATRE DES CHARTRONS;Galerie Tatry-170 Medoc 33300 BORDEAUX;billetreduc, fnac, ticketmaster;https://www.awin1.com/pclick.php?p=41437499054&a=3071471&m=20796 | https://www.awin1.com/pclick.php?p=44612587907&a=3071471&m=12494 | https://www.ticketmaster.fr/fr/manifestation/ados-sur-tiktok-parents-qui-deblok-billet/idmanif/637432/idseance/4324371;
17:00;Mon Couple, Mon Amour, Mes Emmerdes - Théâtre des Chartrons, Bordeaux;LE THEATRE DES CHARTRONS;Galerie Tatry-170 Medoc 33300 BORDEAUX;billetreduc, fnac, ticketmaster;https://www.awin1.com/pclick.php?p=41439009060&a=3071471&m=20796 | https://www.awin1.com/pclick.php?p=44612587796&a=3071471&m=12494 | https://www.ticketmaster.fr/fr/manifestation/mon-couple-mon-amour-mes-emmerdes-billet/idmanif/625026/idseance/4324319;
19:00;Desperate Housemen - Théâtre des Chartrons, Bordeaux;LE THEATRE DES CHARTRONS;Galerie Tatry-170 Medoc 33300 BORDEAUX;billetreduc, fnac, ticketmaster;https://www.awin1.com/pclick.php?p=38068034225&a=3071471&m=20796 | https://www.awin1.com/pclick.php?p=44612587805&a=3071471&m=12494 | https://www.ticketmaster.fr/fr/manifestation/desperate-housemen-billet/idmanif/610778/idtier/18864121;
21:00;Ca Reste Entre Nous ! - Le Théâtre des Chartrons, Bordeaux;LE THEATRE DES CHARTRONS;Galerie Tatry-170 Medoc 33300 BORDEAUX;billetreduc, fnac, ticketmaster;https://www.awin1.com/pclick.php?p=44265154034&a=3071471&m=20796 | https://www.awin1.com/pclick.php?p=44282219737&a=3071471&m=12494 | https://www.ticketmaster.fr/fr/manifestation/ca-reste-entre-nous-billet/idmanif/654066/idseance/4304609;
00:00;"SUR UN GRAND CHEMIN de Guillaume TROUILLARD  
avec Artilus";Maison écocitoyenne;Quai Richelieu, Bordeaux;openagenda;https://openagenda.com/fr/ville-de-bordeaux/events/sur-un-grand-chemin-de-guillaume-trouillard-avec-artilus;
10:00;Lectures : le petit conte-mi;Médiathèque Castagnéra;Allée Peixotto (parc Peixotto), 3400 Talence;openagenda;https://openagenda.com/fr/bordeaux-metropole/events/lectures-le-petit-conte-mi;
20:30;"Concert ""Sex Shop Mushrooms""";Sortie 13;Rue Walter Scott, 33600 Pessac;openagenda;https://openagenda.com/fr/ville-de-bordeaux/events/sex-shop-mushrooms;
19:30;Comic'son chez The Starfish;The Starfish;26 rue Sainte-Colombe 24 33000 Bordeaux ;billetreduc;https://www.awin1.com/pclick.php?p=45950056987&a=3071471&m=20796;
20:00;Ma Femme Peut en Cacher une Autre, Théâtre Molière - Bordeaux;THEATRE MOLIERE;33 RUE DU TEMPLE 33000 BORDEAUX;billetreduc, fnac, openagenda, ticketmaster;https://openagenda.com/fr/ville-de-bordeaux/events/ma-femme-peut-en-cacher-une-autre | https://www.awin1.com/pclick.php?p=41556805329&a=3071471&m=20796 | https://www.awin1.com/pclick.php?p=45386135187&a=3071471&m=12494 | https://www.ticketmaster.fr/fr/manifestation/ma-femme-peut-en-cacher-une-autre-billet/idmanif/626307/idtier/18864121;
20:00;Elles Pardonnent Mais N'Oublient Jamais - Théâtre Trianon, Bordeaux;THEATRE TRIANON;6 rue Franklin 33000 BORDEAUX;billetreduc, fnac, openagenda, ticketmaster;https://openagenda.com/fr/ville-de-bordeaux/events/elles-pardonnent-mais-noublient-jamais | https://www.awin1.com/pclick.php?p=41566935041&a=3071471&m=20796 | https://www.awin1.com/pclick.php?p=45386135246&a=3071471&m=12494 | https://www.ticketmaster.fr/fr/manifestation/elles-pardonnent-billet/idmanif/626691/idseance/4341072;
16:00;Flemme - Théâtre Victoire, Bordeaux;THEATRE VICTOIRE;18 Rue des Augustins 33000 BORDEAUX;billetreduc, fnac, openagenda, ticketmaster;https://openagenda.com/fr/un-air-de-bordeaux/events/flemme-1123515 | https://www.awin1.com/pclick.php?p=45077920221&a=3071471&m=20796 | https://www.awin1.com/pclick.php?p=45121229580&a=3071471&m=12494 | https://www.ticketmaster.fr/fr/manifestation/flemme-billet/idmanif/664723/idtier/18864121;
19:00;Ce Soir ou Jamais - Théâtre Victoire, Bordeaux;THEATRE VICTOIRE;18 Rue des Augustins 33000 BORDEAUX;billetreduc, fnac, openagenda, ticketmaster;https://openagenda.com/fr/un-air-de-bordeaux/events/ce-soir-ou-jamais-2001334 | https://www.awin1.com/pclick.php?p=45077920223&a=3071471&m=20796 | https://www.awin1.com/pclick.php?p=45175087034&a=3071471&m=12494 | https://www.ticketmaster.fr/fr/manifestation/ce-soir-ou-jamais-billet/idmanif/664728/idtier/18864121;
21:00;Le Grand Soir, Théâtre Victoire - Bordeaux;THEATRE VICTOIRE;18 Rue des Augustins 33000 BORDEAUX;billetreduc, fnac, openagenda, ticketmaster;https://openagenda.com/fr/un-air-de-bordeaux/events/le-grand-soir-670932 | https://www.awin1.com/pclick.php?p=41674284252&a=3071471&m=20796 | https://www.awin1.com/pclick.php?p=45121226408&a=3071471&m=12494 | https://www.ticketmaster.fr/fr/manifestation/le-grand-soir-billet/idmanif/627953/idtier/18864121;
16:00;Trahison(s) d'Harold Pinter;Théâtre Artisse;29 rue Ausone 33000 Bordeaux;openagenda;https://openagenda.com/fr/ville-de-bordeaux/events/trahisons-dharold-pinter;
20:30;Les rescapés du savoir-vivre;Théâtre Artisse;29 rue Ausone 33000 Bordeaux;openagenda;https://openagenda.com/fr/ville-de-bordeaux/events/les-rescapes-du-savoir-vivre;
16:00;La Machine de Turing - Théâtre des Salinières, Bordeaux;Théâtre des Salinières;4, rue Buhan 33000 BORDEAUX;billetreduc, fnac, openagenda, ticketmaster;https://openagenda.com/fr/un-air-de-bordeaux/events/la-machine-de-turing-4682537 | https://www.awin1.com/pclick.php?p=45086025947&a=3071471&m=20796 | https://www.awin1.com/pclick.php?p=45202674486&a=3071471&m=12494 | https://www.ticketmaster.fr/fr/manifestation/la-machine-de-turing-billet/idmanif/666934/idtier/18864121;
19:00;Changer l'Eau des Fleurs - Théâtre des Salinières, Bordeaux;Théâtre des Salinières;4, rue Buhan 33000 BORDEAUX;billetreduc, fnac;https://www.awin1.com/pclick.php?p=45086025948&a=3071471&m=20796 | https://www.awin1.com/pclick.php?p=45202674537&a=3071471&m=12494;
21:00;La Machine de Turing - Théâtre des Salinières, Bordeaux;Théâtre des Salinières;4, rue Buhan 33000 BORDEAUX;billetreduc, fnac, openagenda, ticketmaster;https://openagenda.com/fr/un-air-de-bordeaux/events/la-machine-de-turing-4682537 | https://www.awin1.com/pclick.php?p=45086025947&a=3071471&m=20796 | https://www.awin1.com/pclick.php?p=45202674487&a=3071471&m=12494 | https://www.ticketmaster.fr/fr/manifestation/la-machine-de-turing-billet/idmanif/666934/idtier/18864121;
20:30;Carole Pierret-Bonnin dans Sein dessus dessous;Théâtre du Pont Tournant;13 rue Charlevoix de Villers 33300 Bordeaux;billetreduc;https://www.awin1.com/pclick.php?p=45950056988&a=3071471&m=20796;
20:30;Victoria Dauberville - Classique ? - Tournée;Théâtre Femina;10, rue de Grassi 33000 BORDEAUX;fnac, openagenda, ticketmaster;https://openagenda.com/fr/un-air-de-bordeaux/events/victoria-dauberville-dance-performance | https://openagenda.com/fr/ville-de-bordeaux/events/victoria-dauberville | https://www.awin1.com/pclick.php?p=43173532304&a=3071471&m=12494 | https://www.ticketmaster.fr/fr/manifestation/victoria-dauberville-classique-billet/idmanif/640780/idtier/18864121;
11:00;Romain Villoteau dans Wazou !!;Théâtre Victoire;18, rue des augustins 33000 Bordeaux;billetreduc, ticketmaster;https://www.awin1.com/pclick.php?p=45056280739&a=3071471&m=20796 | https://www.ticketmaster.fr/fr/manifestation/wazou-billet/idmanif/666904/idtier/18864121;
18:00;Une famille pyrénéenne;tnba - Théâtre national de Bordeaux Aquitaine;3 Place Pierre Renaudel, Bordeaux;openagenda;https://openagenda.com/fr/ville-de-bordeaux/events/une-famille-pyreneenne-6121261;
18:00;Polyphonies Corses - Ensemble vocal Balagna -;Église Saint-Rémi de la Vigne, 33300 Bordeaux;117 rue Achard, 33300 Bordeaux;openagenda;https://openagenda.com/fr/un-air-de-bordeaux/events/polyphonies-corses-ensemble-vocal-balagna;
